{"cameraMode":{"drawMode":0,"name":"Shaded","section":"Shading Mode"},"sceneLighting":false,"audioPlay":false,"sceneViewState":{"m_AlwaysRefresh":false,"showFog":true,"showSkybox":false,"showFlares":true,"showImageEffects":true,"showParticleSystems":true,"showVisualEffectGraphs":true,"m_FxEnabled":true},"in2DMode":false,"pivot":{"x":7.171134948730469,"y":-2.2883520126342775,"z":-0.26727429032325747},"rotation":{"x":0.11074922978878021,"y":0.7128989100456238,"z":-0.11563944071531296,"w":0.6827512979507446},"size":4.0540595054626469,"orthographic":false}